{
  "Total" : {
    "transaction" : "Total",
    "sampleCount" : 81549,
    "errorCount" : 4,
    "errorPct" : 0.0049050264,
    "meanResTime" : 1000.7236998614205,
    "medianResTime" : 489.0,
    "minResTime" : 176.0,
    "maxResTime" : 21397.0,
    "pct1ResTime" : 2501.9000000000015,
    "pct2ResTime" : 5636.950000000001,
    "pct3ResTime" : 6804.0,
    "throughput" : 265.9099579690817,
    "receivedKBytesPerSec" : 1590.2315103903431,
    "sentKBytesPerSec" : 62.221662221532945
  },
  "Confirmar Compra" : {
    "transaction" : "Confirmar Compra",
    "sampleCount" : 20268,
    "errorCount" : 1,
    "errorPct" : 0.0049338858,
    "meanResTime" : 1000.7305111505835,
    "medianResTime" : 580.0,
    "minResTime" : 176.0,
    "maxResTime" : 9814.0,
    "pct1ResTime" : 2046.0,
    "pct2ResTime" : 3785.800000000003,
    "pct3ResTime" : 6383.910000000014,
    "throughput" : 66.48472045451562,
    "receivedKBytesPerSec" : 375.25842457979616,
    "sentKBytesPerSec" : 24.60713774634905
  },
  "Buscar Voo" : {
    "transaction" : "Buscar Voo",
    "sampleCount" : 20428,
    "errorCount" : 2,
    "errorPct" : 0.009790484,
    "meanResTime" : 1002.8770804777743,
    "medianResTime" : 586.0,
    "minResTime" : 266.0,
    "maxResTime" : 13575.0,
    "pct1ResTime" : 2116.5000000000073,
    "pct2ResTime" : 3709.9500000000007,
    "pct3ResTime" : 6453.980000000003,
    "throughput" : 66.88538331074135,
    "receivedKBytesPerSec" : 473.1948816867375,
    "sentKBytesPerSec" : 14.433811049528842
  },
  "Home" : {
    "transaction" : "Home",
    "sampleCount" : 20502,
    "errorCount" : 0,
    "errorPct" : 0.0,
    "meanResTime" : 994.1424251292599,
    "medianResTime" : 577.0,
    "minResTime" : 256.0,
    "maxResTime" : 11359.0,
    "pct1ResTime" : 2120.9000000000015,
    "pct2ResTime" : 3735.850000000002,
    "pct3ResTime" : 6326.990000000002,
    "throughput" : 66.99671584726238,
    "receivedKBytesPerSec" : 311.23443065495155,
    "sentKBytesPerSec" : 7.785751158031469
  },
  "Selecionar Voo" : {
    "transaction" : "Selecionar Voo",
    "sampleCount" : 20351,
    "errorCount" : 1,
    "errorPct" : 0.0049137636,
    "meanResTime" : 1005.1854945702943,
    "medianResTime" : 582.0,
    "minResTime" : 256.0,
    "maxResTime" : 21397.0,
    "pct1ResTime" : 2158.0,
    "pct2ResTime" : 3805.650000000005,
    "pct3ResTime" : 6408.990000000002,
    "throughput" : 66.66841382834791,
    "receivedKBytesPerSec" : 437.4271169969075,
    "sentKBytesPerSec" : 15.690515363898289
  }
}